{"cameraMode":{"drawMode":0,"name":"Shaded","section":"Shading Mode"},"sceneLighting":true,"audioPlay":false,"sceneViewState":{"showFog":true,"showMaterialUpdate":true,"showSkybox":true,"showFlares":true,"showImageEffects":true,"showParticleSystems":true},"in2DMode":false,"pivot":{"x":83.61088562011719,"y":34.36595916748047,"z":-0.951342761516571},"rotation":{"x":0.11107469350099564,"y":-0.6838616728782654,"z":0.1065048798918724,"w":0.7132034301757813},"size":97.22100830078125,"orthographic":true}